SMILES,Name,Cluster,Center
Cn1ncc(C#N)c1-c1cccc(-n2cnnn2)c1,AB170_985764_990382,1,No
Cc1cc(CNCCc2cn(C)nn2)nn1C,AB160_815823_820838_324662,48,No
Cc1noc2ncc(C=NNc3nnc(C)n3C)cc12,AB3_1481483_1484525,23,No
Cn1nnnc1-c1ccc(NCc2ccnc(Br)c2)cc1,AB72_239681_242002,32,No
Cn1nnnc1-c1ccc(NCc2cccnc2Cl)cc1,AB72_239681_240794,32,No
Cn1nnnc1-c1ccc(NCc2ccccc2)cc1,AB72_239681_240258,32,Yes
Clc1cccc(-c2cccc(-n3cnnn3)c2)c1,AB170_985764_989327,1,No
Cn1nnnc1CCCNC(=O)c1ccon1,AB84_1610390_1614238,5,No
Cn1cnc(-c2ccc3nnn(C)c3c2)n1,AB170_985366_986234,31,Yes
Cc1nncn1N=Cc1csc(-c2cnn(C)c2)n1,AB1_1471686_1474905,8,No
CSc1ccc(CNc2cn(C)nn2)cc1,AB72_239599_240307,2,No
Cc1ccc(-c2cccc(-n3cnnn3)c2)cc1Cl,AB170_985764_992036,1,No
Cn1nnnc1-c1ccc(NC(=O)Cc2cccc(N)c2)cc1,AB131_602473_607984,32,No
Cn1nnc2ccc(-c3cncc(-n4cccn4)c3)cc21,AB170_985366_987371,31,No
Cc1cc(CNc2cn(C)nn2)cnc1Cl,AB72_239599_241021,2,No
Cc1cc(Cl)cc(CNc2cn(C)nn2)c1,AB72_239599_241350,2,Yes
Cn1nnnc1-c1ccc(NC(=O)c2cncc(CN)c2)cc1,AB131_602473_608227,32,No
Cc1cc(C=NNc2ccc(-n3cccn3)nn2)nn1C,AB1_1471261_1474630,35,Yes
Cc1cc(CCC(=O)NCc2nnnn2C)nn1C,AB83_1596784_1605885,5,No
c1cc(NCc2cncnc2)cc(-n2cnnn2)c1,AB146_798492_806707,24,No
Cc1nnnn1-c1ccc(C(=O)Nc2cccc(I)c2)cc1,AB39_270051_285500_925056,9,Yes
Oc1cc(-c2cccc(-n3cnnn3)c2)ncc1F,AB170_985764_988386,1,No
Cc1nc(CNc2cnn(C)c2)cs1,AB72_238962_240550,13,No
O=C(Nc1ccc(-n2cnnn2)cc1)c1ccc(Br)cc1Cl,AB13_18274_25379,42,No
Cn1cc(C(=O)C=Cc2cnnn2C)cn1,AB4_1696316_1697642,21,No
Cn1nnnc1-c1ccc(NC(=O)C(N)Cc2ccccc2)cc1,AB131_602473_607831,32,No
Cn1cnnc1CNC(=O)c1cn(-c2ccccc2)nn1,AB30_357858_374230,5,No
Cn1cc(C(=O)Nc2cc(-c3ccccc3)nn2C)nn1,AB39_275501_284629_1182630,43,No
Clc1cccc(-c2cccc(-n3cnnn3)c2)c1Cl,AB170_985764_987444,1,No
Cc1noc2ncc(C=NNc3ccc(C#N)cn3)cc12,AB3_1481489_1484525,23,No
c1ccc2nc(CCNc3ccc4nnnn4n3)ccc2c1,AB42_774194_780050,7,No
Cc1cc(CNC(=O)c2cn(-c3ccccc3)nn2)ccc1Br,AB30_363526_374230,5,No
Cc1nc(CNCc2cn(C)nn2)cs1,AB71_233908_236749,22,No
Cn1cnc2cc(-c3cncc(-n4cccn4)c3)ccc21,AB170_985548_987371,25,No
NC1(c2ccc(-c3cccc(-n4cnnn4)c3)cc2F)CCC1,AB170_985764_989372,1,No
Clc1ccc(CNc2ccc(-n3ccnn3)cc2)cc1Br,AB146_799027_807069,0,No
Cn1nnnc1-c1ccc(NCc2c(F)ccc(Br)c2F)cc1,AB72_239681_241280,32,No
Cc1cc(CNCc2nncn2C)nn1C,AB71_231173_237661,48,Yes
CCc1nncn1N=Cc1cc(Br)ccc1Br,AB1_1471692_1475190,8,No
Cn1nnc2ccc(-c3ccc(-n4cccn4)cc3)cc21,AB170_985366_986425,31,No
Clc1ccc(-c2cc(CNc3nnnn3-c3ccccc3)on2)cc1,AB42_777457_779904,7,No
Cn1ncnc1NC(=O)Cc1ccon1,AB12_4219_11822,13,No
O=C(Nc1ccc(-n2cnnn2)cc1)c1csc2c(Cl)cccc12,AB13_18274_32475,42,No
CCc1nncn1N=Cc1ccc(C)cc1C,AB1_1471692_1471933,8,No
Cc1nc(C=Nn2cnnc2C)oc1C,AB1_1471686_1475419,8,No
Clc1cc(Br)c2oc(CNCc3nnnn3-c3ccc(Br)cc3)cc2c1,AB71_236008_238736,37,No
Cc1c(CNCCc2nnnn2-c2ccccc2)ccc2ccccc12,AB146_802250_808964,37,No
Cc1ccn2c(C=Nn3cnnc3C)cnc2c1,AB1_1471686_1473174,8,No
Cc1cc(-c2ccc(F)cc2)ccc1-n1cnnn1,AB170_985281_990334,1,No
COC(=O)c1cc(Cn2ccnn2)nn1C,AB7_1720883_1724917,30,No
Cc1ccc(C)c(C(=O)Nc2ccc(-n3cnnn3)cc2)c1,AB13_18274_22826,42,No
Cc1nc(CC(=O)NCc2nnnn2C)cs1,AB30_369646_371901,5,No
Cn1cc(-c2ccc(NCc3cccc4c3nnn4C)nn2)cn1,AB163_916345_918522,14,No
Cn1nnnc1-c1ccc(NC(=O)CC(O)CN)cc1,AB131_602473_608066,32,No
Clc1ccc(-c2cc(CNc3ccc4nnnn4n3)on2)cc1,AB42_777457_780050,48,No
Cn1cc(CCNCc2cc3cnccc3o2)nn1,AB160_815823_820903_578239,22,No
Nc1ncnn1-c1ccc(-c2ccc3c(c2)CCO3)cc1,AB170_985287_989975,7,No
CSc1ccc(CNc2nncn2C)cc1,AB72_239594_240307,48,No
Cc1nnc(SCc2cccc(O)c2)[nH]1,AB15_1807626_1811492_1658400,7,No
Cc1cc(NC(=O)c2cn(C3CC3)nn2)nc2ccccc12,AB39_275151_286063_801571,43,No
Cn1cc(NCc2ccc(F)c(Cl)c2)nn1,AB72_239599_241084,2,No
Cn1nnc2ccc(-c3cnc(-n4ccnc4)nc3)cc21,AB170_985366_987408,31,No
Cc1noc2ncc(C=NNc3cccc(Br)c3)cc12,AB3_1481386_1484525,23,Yes
Cn1cc2ccc(-c3cccc(-n4nnnc4CN)c3)cc2n1,AB170_985455_989315,49,No
CSc1ccc(-c2ccc(-n3cnnn3)c(C)c2)cc1,AB170_985299_990334,1,No
Cc1cc(-c2cccc(-n3cnnn3)c2)c(C)cn1,AB170_985764_987718,1,No
CCCC(C)n1cc(-c2ccc3cccnc3c2)nn1,AB231_1298324_1301689_281144,19,No
Cc1cc(NC(=O)CCn2cccn2)cnn1,AB25_262120_265627,4,No
Cn1nnc2ccc(-c3cnc(-c4ncco4)nc3)cc21,AB170_985366_988243,31,No
Brc1cc(CNc2cccc(-n3cnnn3)c2)ccn1,AB146_798492_808758,24,No
Cc1cc(NC(=O)c2cc(C#N)ccc2Cl)cnn1,AB22_10992_17518_1639227,3,No
O=C(Cn1ccnn1)c1cccc(Cl)c1,AB7_1720883_1721554,30,No
Cc1cnc2c(NCc3ccc(Cl)cc3)cnn2c1,AB71_235847_236463,13,No
Cc1cnnc(NC(=O)c2cc(-n3cccn3)ccn2)c1,AB22_11277_15622_1254248,36,No
CN(C)S(=O)(=O)c1cccc(-c2cccc(-n3cnnn3)c2)c1,AB170_985764_992068,1,No
Clc1c[nH]c2ccc(-c3cccc(-n4cnnn4)c3)cc12,AB170_985764_988237,1,No
CCCn1cc(C(=O)C=Cc2cnnn2C)nn1,AB4_1696812_1697642,21,No
Cn1cc(-c2ccc(CNc3ccn(C)n3)cc2)cn1,AB72_239022_241255,13,No
Cc1cnc(CNCc2ncnn2C)cn1,AB146_805270_807859,13,No
Cc1ccc(-n2cc(C)cn2)c(NCc2ccccc2)c1,AB146_798762_806245,13,No
Cn1nnc2ccc(-c3ccc4occc4c3)cc21,AB170_985366_991944,31,No
N#CCc1cc(Cl)cc(-c2cccc(-n3cnnn3)c2)c1,AB170_985764_988836,1,No
CCCCN(C)NC(=O)Cn1ncnn1,AB97_1692676_1705149_723780,34,No
CCn1cc(CNCc2cnn(C)c2C)nn1,AB160_815990_819989_1612541,22,No
Cn1cc(C(=O)Nc2cc(-c3cccnc3)nn2C)nn1,AB39_275503_284629_1032781,43,No
Cc1n[nH]c2ncc(C=NNc3cccc(Cl)c3)cc12,AB3_1481393_1483292,23,No
Cc1noc(-c2cccc(NCc3nnn(C)n3)c2)n1,AB146_798919_807620,48,No
Cc1cc(CNc2cn(-c3ccccc3)nn2)nn1C,AB72_239909_241397,48,No
Cc1cnc(-c2cccc(-n3cnnn3)c2)c(O)c1,AB170_985764_989157,1,No
Cn1nncc1CNc1ccc(-c2ccnn2C)nn1,AB42_774667_781067,14,Yes
CCc1nc(CNc2nncn2C)cs1,AB72_239594_240729,48,No
Cc1cnnc(NC(=O)c2cccc(Cl)c2Cl)c1,AB22_11277_11956_1677725,36,No
CCCn1cc(CNc2cn(CC)nn2)nn1,AB72_239925_241600,22,Yes
CCc1nncn1N=Cc1cnc2ccc(Br)cn12,AB1_1471692_1473109,8,No
Cc1nc(C=Nn2cnnc2C)cs1,AB1_1471686_1472339,8,No
CCc1nnc2ccc(NCc3ccn(C)n3)nn12,AB42_773449_780261,48,No
Cn1cc2cc(-c3cccc(-n4nnnc4CN)c3)ccc2n1,AB170_985456_989315,49,Yes
COc1ccc(-c2cccc(-n3cnnn3)c2)c(OC)c1,AB170_985764_986304,1,No
Oc1cccc(CNc2cccc(-n3cnnn3)c2)c1,AB146_798492_806278,24,No
Cn1nnnc1-c1ccc(NC(=O)Cc2cccc(I)c2)cc1,AB28_320711_327467,32,No
Cc1cncc(C(=O)Nc2cccc(-n3nnnc3C)c2)c1,AB25_257704_268688,9,No
Cc1cc(CNCCCc2nnnn2C)nn1C,AB160_816614_820838_275045,48,No
Brc1cc(CNCCc2nnnn2-c2ccccc2)cc2ccccc12,AB146_802250_808965,37,Yes
Cc1cc(CNCc2nncn2-c2ccccc2)n(C)n1,AB71_231176_237668,48,No
CCCn1cc(C(=O)C=Cc2cnn(C)c2)nn1,AB4_1696812_1697381,21,No
CC(C)n1ccc(-c2ccc3nonc3c2)n1,AB170_985415_987267,31,No
Cn1cc(C(=O)Nc2nc(-c3ccccc3)nn2C)nn1,AB104_1768899_1774488_1185715,43,No
Cn1cnc(-c2ccc3nn(C)cc3c2)n1,AB170_985456_986234,15,No
Brc1ccn2cc(CNCc3ccccc3)nc2c1,AB160_812323_820678_1220636,7,No
Cn1nnc2ccc(C(=O)NCCCCC#N)cc21,AB97_1696208_1702000_1743697,5,No
COc1ccc(O)c(C=Nn2cnnc2C)c1,AB1_1471686_1471887,8,No
Cn1nnnc1CCCNCc1ncnn1-c1ccccc1,AB146_803600_809154,26,No
c1ccc(CNCc2cn(Cc3nnnn3Cc3ccccc3)nn2)cc1,AB217_1285065_1288030,22,No
Cc1noc2ncc(C(=O)NNC(=O)NCc3cnnn3C)cc12,AB112_929185_936762,5,No
Cc1nn(C)c2ncc(-c3cccc(-n4cccn4)c3)cc12,AB170_985762_986959,25,No
O=C(Cc1ccc(Cl)c(Br)c1)Nc1ccc(-n2cnnn2)cc1,AB28_319883_337116,20,No
O=C(Nc1ccc(-n2cnnn2)cc1)c1ccc(Br)c(F)c1,AB83_1584817_1600238,42,No
CCCCn1cc(NCc2cc(C)n(C)n2)nn1,AB72_240090_241397,48,No
Cc1cc(-c2cc(-c3ccccc3)ccn2)n(C)n1,AB170_985444_986466,7,No
CCn1cc(CNc2cc(-c3ccccc3)cnn2)nn1,AB42_775449_781632,22,No
Cn1nnnc1CNC(=O)c1ccon1,AB83_1596784_1599899,5,No
Cn1cc2ccc(-c3ncnn3C)cc2n1,AB170_985455_986235,15,No
c1ccc(-c2cccc(-c3cccc(-n4cnnn4)c3)n2)nc1,AB170_985764_991509,1,No
Cc1cc(CNc2cn(C(C)C)nn2)n(C)n1,AB72_239924_241404,40,Yes
Cc1cccc(NN=Cc2cnc3[nH]nc(C)c3c2)c1,AB3_1481392_1483292,23,No
CCn1cc(CNCc2cn(C)nc2C)nn1,AB160_815990_819970_125782,22,No
Cc1cc(NC(=O)c2cc(Cl)cc(Cl)c2I)ncn1,AB22_7723_12445_697640,36,No
c1cc(CNCc2cccc(-n3ccnn3)c2)cc(-c2nnn[nH]2)c1,AB146_805653_808709,0,No
Cc1cc(CNCc2cn(C(C)(C)C)nn2)nn1C,AB160_818473_820838_1013752,48,No
Cc1cc(CNc2nnnn2-c2ccccc2)ccc1I,AB42_774395_779904,7,No
COCn1cnc(-c2ccc3nonc3c2)n1,AB170_985415_989059,31,No
Cn1cc(-c2nc(Cn3ccnn3)cs2)cn1,AB48_1457958_1460320,44,No
Cn1cc(CNC(=O)c2ccc3c(c2)ncn3C)nn1,AB83_1591825_1602121,5,No
OCCn1cc(-c2cccc(NCc3ccco3)c2)nn1,AB231_1296858_1301037_866824,19,No
Cn1cc(-c2ccc(CNc3ccc4nccn4n3)cc2)cn1,AB42_777545_781712,13,No
c1cc(-c2ccc3ccncc3c2)cc(-n2cnnn2)c1,AB170_985764_988272,1,No
OCCn1cnc(-c2ccc3nonc3c2)n1,AB170_985415_987985,31,No
Cn1cnc(-c2cccc(NCc3ccccc3)c2)n1,AB72_239743_240258,17,Yes
C=Cn1cc(C=Nn2cnnc2C)cn1,AB1_1471686_1474032,8,No
Cc1ccc(C)c(C=Nn2cnnc2C)c1,AB1_1471686_1471934,8,Yes
Brc1cn(CCNc2cc(-c3ccccc3)cnn2)nn1,AB42_778787_781632,12,No
N#Cc1cc(-c2cccc(-n3nnnc3CN)c2)ccc1F,AB170_986046_989315,49,No
COC(=O)c1cc(C(=O)Nc2ccc(-c3nnnn3C)cc2)ccn1,AB28_320711_327236,32,No
CCc1nc(CNCc2nncn2C)cs1,AB71_231173_236936,48,No
CCCn1cc(C=NNc2cnnc3ccccc23)nn1,AB3_1481418_1484555,35,No
CCCC(C)n1cc(-c2ccc3cnccc3c2)nn1,AB231_1298324_1301284_54128,19,No
CSc1ccc(CNc2cnn(C)c2)cc1,AB72_238962_240307,13,No
Cc1ccc(CNc2cccc(-c3nnc[nH]3)c2)cc1,AB147_811974_816367,7,No
Cn1cc(-c2cc(Cn3ccnn3)on2)cn1,AB7_1720883_1723434,30,No
Brc1cc(CNc2ccc(-n3ccnn3)cc2)ccn1,AB72_239141_242002,0,No
Cn1nnnc1-c1ccc(NC(=O)Cc2ccc(C(N)=O)cc2)cc1,AB28_320711_329104,32,No
Cc1cc(NC(=O)c2ccc3oc(C)nc3c2)cnn1,AB25_262120_271122,3,No
COc1ccc(CC(=O)NCc2nnnn2C)cn1,AB30_369646_387402,5,No
Cn1cnnc1NCc1cccc(Br)n1,AB72_239594_242088,48,No
Cc1ccc(NC(=O)c2cnn(C)c2C)cc1-n1cnnn1,AB25_257612_265272,42,No
Cc1cc(-c2ccc(-n3cccn3)cc2)ccc1-n1cnnn1,AB170_985763_990334,1,No
CCn1cc(NCc2ccc(SC)cc2)nn1,AB72_239925_240307,2,No
Cc1noc2ncc(CNCC3(O)COC3)cc12,AB162_833537_835007_842240,13,No
Cn1cc(CCNCc2cn3ccc(Br)cc3n2)nn1,AB160_815823_820678_1231375,22,No
CC(CC(=O)Nc1cccc(-c2nnn(C)n2)c1)C1CC1,AB28_320487_325266,16,Yes
Cc1ccc(CNc2ccc3nccn3n2)cc1C#N,AB42_776275_781712,13,No
Cn1nnc2ccc(-c3cnc4cccnc4c3)cc21,AB170_985366_987376,31,No
Cc1cc(CNCc2cnnn2C)nn1C,AB71_233558_237661,48,No
Cn1nnc2ccc(-c3nnc(-c4ccccc4)o3)cc21,AB170_985366_991374,31,No
Cc1cnnc(NC(=O)c2cccc(Cn3cccn3)c2)c1,AB22_11277_18405_149655,45,Yes
FC(F)(F)Cn1cc(CNc2ccc3nnnn3n2)cn1,AB42_773126_780050,13,No
Cc1ccc(CNCc2nncn2C)c(Br)c1,AB71_231173_237287,48,No
COc1cc2ccccc2cc1CNCc1nnnn1-c1ccccc1,AB146_800308_807730,37,No
Cn1nnc2ccc(-c3ccsc3)cc21,AB170_985366_986284,31,No
Cc1ccc(C(=O)Nc2ccc(-n3cnnn3)cc2)cc1Cl,AB13_18274_26081,42,No
Cn1nnc2ccc(-c3ccn(C(F)F)n3)cc21,AB170_985366_988323,31,No
S=C(NCCc1nnnn1-c1ccccc1)Nc1ccc2ccccc2c1,AB10_1742855_1750542,37,No
Cn1cc(CCNc2ccc3nncn3n2)nn1,AB42_775212_780045,22,No
O=C(Cc1ccon1)NCc1nnn[nH]1,AB25_259755_268381,5,No
Cc1cnc(-c2cccc(-n3cccn3)c2)cc1C,AB170_985762_989252,18,Yes
Clc1ccc(CNc2cccc(-n3cnnn3)c2)cc1Br,AB146_798492_807069,24,No
CCn1cc(Cl)c(C=NNc2cccnn2)n1,AB11_1570701_1574957_1492472,35,No
Cc1cc(NC(=O)c2cc(-n3cccc3)ccn2)cnn1,AB22_10992_17569_901776,4,No
Cc1ccc(-c2ccc(OCc3cn(-c4ccccc4)nn3)cc2)cc1,AB47_1454684_1455817,7,No
Cc1ccc(NCc2cnc(Cl)c(C)c2)cc1-n1cnnn1,AB146_798888_806873,24,No
Cn1nncc1NCc1ccc(F)c(Br)c1,AB72_240167_240406,13,No
Clc1cc(Br)cc(CNc2cnn3ccccc23)c1,AB71_235868_238024,13,No
Cc1cnnc(NC(=O)Cc2ccc(-n3cnnn3)cc2)c1,AB22_11277_13989_1005440,36,No
Cn1cnc(CCCNCc2ccon2)n1,AB146_802811_807661,48,No
Cc1nc2cc(-c3cccc(-n4cccn4)c3)cnc2n1C,AB170_985762_986960,25,No
Cn1cnc(-c2ccc(NCc3cccc(O)c3)cc2)n1,AB71_233150_236498,17,No
Cc1cc(CNCc2ncnn2C)ccn1,AB146_802559_807859,13,No
O=C(NCCCSc1ccccc1)NCc1nnnn1-c1cccc(Br)c1,AB112_932059_932831,33,No
Cn1nnnc1CNC(=O)c1ccc(-n2cccn2)cc1,AB83_1596784_1598062,5,No
Cc1ccc(C(=O)NCc2nnnn2-c2cccc(Br)c2)c(F)c1,AB30_369238_377251,33,Yes
Cc1cc(-c2cccc(-n3cnnn3)c2)ccc1-n1cnnn1,AB170_985764_990334,1,No
Cn1nnnc1-c1ccc(NC(=O)c2ccc(Br)c(Cl)c2F)cc1,AB12_5831_13384,32,No
CC(=O)Nc1cccc(NC(=O)c2cn(C)nn2)c1,AB42_333513_342862_1349513,43,Yes
Cn1cc(NCc2ccc(-c3cnn(C)c3)cc2)cn1,AB72_238962_241255,13,Yes
Cc1nncn1N=Cc1cn(C)nc1-c1ccncc1,AB1_1471686_1472727,8,No
N#Cc1cccc(COC(=O)c2cn(-c3ccccc3)nn2)c1,AB228_1314692_1318731,7,No
Cn1ccc(C(=O)NS(=O)(=O)c2ccc3c(c2)nnn3C)n1,AB119_1251969_1257914,5,No
COc1cncc(CNCc2ccccc2)c1,AB160_812323_820963_1758538,13,No
C#Cc1cncc(C(=O)Nc2cnnc(C)c2)c1,AB22_10992_17359_395699,3,No
Cn1nnc2c(CNc3cncc(-c4ccccc4)c3)cccc21,AB163_916701_918522,39,No
Clc1cccc(Cl)c1CNc1cccc(-n2cnnn2)c1,AB146_798492_806285,24,No
CSc1ccc(C(C)NCc2nncn2C)cc1,AB137_696092_701795,48,No
Cc1cc(C(=O)NCc2nnnn2-c2ccccc2)c(C)cn1,AB30_358623_383407,26,No
Oc1ccc(Cl)c(-c2cccc(-n3cnnn3)c2)c1,AB170_985764_987470,1,No
COc1ccc(NC(=O)NCc2nnnn2-c2ccccc2)c2ccccc12,AB108_632644_643291,26,No
CCc1nnc(SCc2ccc(OC)c(C)c2)[nH]1,AB15_1807627_1811642_194493,7,No
CCc1ccccc1C(=O)NCc1nnnn1C,AB83_1596784_1601981,5,Yes
c1cc(NCc2ccco2)cc(-c2cn(CCn3cccn3)nn2)c1,AB231_1296830_1301037_866824,19,No
c1cc(CNCc2ccc3nonc3c2)cnn1,AB146_803596_809348,13,No
Clc1cncc(CNc2cccc(-n3cnnn3)c2)c1Cl,AB146_798492_808307,24,No
Cc1cnnc(NC(=O)c2ccnc(-n3cccc3)c2)c1,AB22_11277_18652_1680054,36,No
Cc1csc2ccc(-c3cccc(-n4cccn4)c3)cc12,AB170_985762_986929,25,No
CCn1cc(C(=O)C=Cc2c(-c3ccccc3)nnn2C)cn1,AB4_1696319_1698585,7,No
O=C(NCc1cccc2ccccc12)Nc1cnnn1-c1ccccc1,AB108_632476_636987,26,No
Cc1cc(NC(=O)c2cn(CC(N)=O)nn2)cnn1,AB25_262120_268686,4,No
CCCn1cc(C=NNc2ccnc(C)c2)nn1,AB3_1481480_1484555,35,No
COC(=O)c1ccc(-c2cccc(-n3cnnn3)c2)c(OC)c1,AB170_985764_988370,1,No
CSCC(=O)NCCn1ccnn1,AB30_363983_371994,30,No
Cc1cccc2c(CNCc3cn(C)nn3)c[nH]c12,AB160_815877_822517_578239,22,No
Cc1nc(CNCc2cnn(C)c2)cs1,AB71_231497_236749,13,No
O=C(Nc1cccc(-n2cnnn2)c1)c1ccc(Cl)c(Br)c1,AB25_257322_269589,24,No
CCc1nnc(SCc2cccc(N)c2)[nH]1,AB15_1807627_1811652_1410586,7,No
Oc1ccc(Cl)c(CNc2cccc(-n3cnnn3)c2)c1,AB146_798492_809608,24,No
O=C(NCc1ccc(CC2CC2)cc1)NCc1nnnn1-c1ccccc1,AB80_1556321_1563358,26,No
Cc1nc(C=Nn2cnnc2C)sc1C,AB1_1471686_1475212,8,No
c1ccc(-c2ccc(-c3ccc(-n4cnnn4)cc3)cc2)cc1,AB170_985668_986347,1,No
Cc1nn(C)cc1CNc1cnnn1C,AB72_240167_241083,48,No
Cc1cc(CNc2ccn(C)n2)n(C)n1,AB72_239022_241404,48,No
COc1ccc(C(C)=O)cc1-c1cccc(-n2cnnn2)c1,AB170_985764_991963,1,No
CN(Cc1cn(-c2ccccc2)nn1)Cc1nncn1C,AB101_524874_528512,7,No
Cc1cnn(-c2cccc(-c3cncc(CO)c3)c2)c1,AB170_985769_989175,25,No
Cc1cnc(NC(=O)c2cccc(Cl)c2Cl)cn1,AB22_9690_11956_149655,36,No
CCn1cc(CNCc2c(C)cnn2C)nn1,AB160_815990_820648_929358,22,No
Cn1cnc(-c2ccc(NCc3ccccc3)cc2)n1,AB71_233150_236457,17,No
CCCn1cc(C=NNc2nnc(-c3ccccc3)s2)nn1,AB3_1481449_1484555,35,No
Cc1cnc2c(NCc3ccn(CCF)n3)cnn2c1,AB71_235847_238035,13,No
Cn1ccc(-c2ccc3c(c2)n(C)c(=O)n3C)n1,AB170_985908_988578,31,No
c1ccc(-n2cc(CNCc3cn(C4COC4)nn3)nn2)cc1,AB160_817057_819708_275045,7,No
Cc1ccc2ncc(C(=O)NCc3cnnn3C)cc2c1,AB30_363011_384337,5,No
Cc1ncc(NCc2cn(-c3ccccc3)nn2)cc1C(N)=O,AB71_234182_237044,28,Yes
COCc1nnc(SCc2cccc(-n3cccn3)c2)[nH]1,AB15_1807725_1813340_1811471,7,No
Cn1cc2cc(-c3cnc(-c4ncccn4)nc3)ccc2n1,AB170_985456_988604,15,Yes
Cc1cn2nc(NCCn3cc(Br)nn3)ccc2n1,AB42_778787_781818,12,No
Cn1cc(-c2ccc(CNc3cnnn3C)cc2)cn1,AB72_240167_241255,13,No
c1ccc(-n2cc(NCc3ccon3)cn2)cc1,AB146_801308_807661,7,No
CCCCN(C)C(=O)Cn1nnc(C)n1,AB22_6170_19905_295859,34,No
CCCn1cc(C=NNc2ccc(Br)cc2)nn1,AB3_1481390_1484555,35,No
Cn1nncc1C=CC(=O)c1cccc(-n2ccnn2)c1,AB4_1696675_1697642,21,No
Cn1cc(C(=O)NCCn2ccnn2)cn1,AB83_1591930_1598337,30,Yes
Cc1cc(OCc2cn(-c3ccccc3)nn2)ccc1Br,AB47_1454871_1455817,7,No
Cc1cc(NC(=O)c2csc(Cc3ccccc3)n2)cnn1,AB25_262120_266121,4,No
O=C(Nn1ccnn1)c1cnc2ccnn2c1,AB25_260435_278217,30,No
Cn1cc(C(=O)Nc2ccc(F)c(-c3ccccc3)c2)nn1,AB39_275643_284629_1189323,43,No
c1cc(-c2cccc(-n3cccn3)c2)cc(-c2cc[nH]n2)c1,AB170_985762_988531,25,No
Fc1c(CNc2cccc(-n3cnnn3)c2)ccnc1Br,AB146_798492_808502,24,No
Cc1nncn1N=Cc1ccc(-c2ccccn2)nc1,AB1_1471686_1475706,8,No
Cc1nncn1N=Cc1csc(-c2ccco2)n1,AB1_1471686_1472763,8,No
Clc1ccc(CNc2ccc(-n3ccnn3)cc2)cc1,AB146_799027_806253,0,No
O=C(Cc1ccc(Br)nc1)NCc1nnn[nH]1,AB25_259755_278990,13,No
Cc1cc(CNc2cn(C(C)C)nn2)nn1C,AB72_239924_241397,40,No
C#Cc1cc(C(=O)Nc2cnnc(C)c2)ccc1Cl,AB22_10992_21434_395699,3,No
Cc1ccc2nc(C=Cc3cnn(C)c3)ccc2c1,AB4_1696128_1697381,13,No
Cn1nc(Br)nc1NN=Cc1cnc2[nH]cc(Br)c2c1,AB3_1481561_1485810,23,No
CC(=O)c1ccc(-c2cn(CCn3cccn3)nn2)cn1,AB231_1296830_1301557_281144,19,No
Cn1nnnc1-c1ccc(NCc2csc(-c3ccccc3)n2)cc1,AB72_239681_240541,32,No
Brc1ccccc1CNCc1nnnn1-c1ccccc1,AB146_800308_806452,37,No
Cc1nnnn1-c1cccc(NCc2ccccn2)c1,AB72_239104_240447,7,No
CCn1cc(CNCc2c(-c3ccccc3)nnn2C)nn1,AB146_802976_809245,22,No
CN(Cc1nnc[nH]1)c1ccc2nnc(-c3ccncc3)n2n1,AB42_774288_781171,7,No
Cc1noc2ncc(C=NNc3cccc4cnccc34)cc12,AB3_1481436_1484525,23,No
Cc1cc(NC(=O)CCCc2ccccn2)cnn1,AB22_10992_15268_156497,4,No
Cn1nncc1C=CC(=O)c1cnnn1C,AB4_1696699_1697642,21,Yes
Cc1nc(CNCc2cncn2C)cs1,AB71_234237_236749,48,No
COc1ccc(-c2nc(CC(=O)Nc3ncnn3C)cs2)cc1,AB12_4219_9589,32,No
Cc1nnc(NCc2cccc(-n3ccnn3)c2)cc1-c1ccccc1,AB45_797797_798470,0,No
Cc1ccc(NC(=S)NCCCc2nnnn2C)cc1,AB10_1745653_1750467,32,No
Cc1nn(C)c2ncc(C(=O)NCc3ccc(C#N)cn3)cc12,AB30_362995_373482,11,No
Cn1cc(NCc2cccc(C(N)=O)c2)cn1,AB72_238962_240826,13,No
Cc1nncn1N=Cc1cc(-c2ccccn2)n[nH]1,AB1_1471686_1473492,8,No
c1ccc(-n2cc(CNCc3nnnn3C3CC3)nn2)cc1,AB146_800917_806694,7,No
Cn1nnc2c(CNc3ccc(Oc4ccccc4)c(C#N)c3)cccc21,AB163_916288_918522,39,Yes
CCc1nnc2ccc(NCc3cn(CC)nn3)nn12,AB42_775449_780261,22,No
Brc1cn(CCNc2ccc3ncc(I)n3n2)nn1,AB42_778787_782096,12,No
Cc1cc(CNCc2cn(-c3ccccc3)nn2)ccn1,AB146_802559_806694,7,No
Cc1cnn(-c2cccc(-c3cccc(Cl)c3)c2)c1,AB170_985769_989327,25,Yes
Cn1nnnc1CCCNC(=O)NCc1cc2ccccc2[nH]1,AB80_1555716_1562894,5,No
Cc1cc(-c2ccc3nccn3c2)ccc1F,AB170_985849_987446,7,No
Cc1nn(C)c2nc(NCc3cccc(-n4ccnn4)c3)ccc12,AB42_779312_781767,0,No
Cc1nc(NC(=O)CCCCCn2cnnn2)n(-c2ccccc2)n1,AB14_34443_43686,7,No
CC(=NNc1cccc(C)n1)c1cn(-c2ccccc2)nn1,AB3_1481482_1484050,7,No
c1ccc(CNCc2ccc(-n3ccnn3)cc2)cc1,AB146_804850_806245,0,Yes
Cn1nnnc1CCCNc1ccc2c(Br)ccc(Cl)c2n1,AB42_776436_780594,48,No
Cn1cc(NCc2ccc(Cl)nc2)nn1,AB72_239599_240968,2,No
Cn1cc2cc(-c3ccsc3)ccc2n1,AB170_985456_986284,46,Yes
CC(=O)c1ccc(-c2cn(CCn3cc(Cl)cn3)nn2)cn1,AB231_1298855_1301557_281144,19,No
Cc1cnnc(NC(=O)c2ccccn2)c1,AB22_11277_11859_156497,36,Yes
COCc1cc(NCc2nnnn2C2CCC2)ncn1,AB42_777970_780530,48,No
Cc1cc(CNCCCc2ncn(C)n2)n(C)n1,AB71_233868_237668,48,No
Cc1cc(CNCc2nncn2-c2ccccc2)cnc1-n1cccn1,AB71_231176_238403,7,No
CCc1nncn1N=C(C)c1cn(-c2ccccc2)nn1,AB1_1471692_1474440,7,No
Cc1ncc(CNCc2cn(C)nn2)n1C,AB71_233908_237755,22,No
Cc1nc(NC(=O)Cn2nnnc2-c2ccccc2)n(-c2ccccc2)n1,AB14_34443_43128,7,No
Cc1ccc(NC(=O)c2cnc3c(c2)nnn3C)cc1,AB25_256972_270170,5,No
C#Cc1cc(C(=O)Nc2cc(C)cnn2)ccc1Cl,AB22_11277_21434_1795091,36,No
CC(=NNc1ccc(-n2cccn2)nn1)c1csc(C)n1,AB1_1471261_1472498,35,No
Cn1cnc2cc(C=NNc3cccc(F)c3)ccc21,AB3_1481402_1483360,35,No
Cc1cc(C)n(-c2cccc(-c3ncc(F)cc3C)c2)n1,AB170_985528_991996,25,No
Cn1cnc(C(=O)Nc2nc(-c3ccccc3)cn2C)n1,AB39_275212_284694_1324686,43,No
Cc1cc(NC(=O)Cn2cncn2)cnn1,AB25_262120_266087,4,No
Cc1nc2c(cc1C(=O)NCc1nnnn1C)c(C)nn2C,AB30_369646_374161,10,No
CC(=NNc1cccc(C)c1)c1cn(-c2ccccc2)nn1,AB3_1481392_1484050,7,No
Cn1c(Cl)cnc1-c1cccc(-c2nnn[nH]2)c1,AB170_985886_989512,7,No
O=C(Cc1cc(F)cc(Cl)c1)Nc1ccc(-n2cnnn2)cc1,AB28_319883_336550,20,Yes
Cc1nncn1N=Cc1ccc(-c2ccccn2)cc1,AB1_1471686_1476305,8,No
OCc1cncc(-c2ccc3nccn3c2)c1,AB170_985849_989175,7,No
NC(=O)c1ccc(CNc2cccc(-n3cnnn3)c2)cc1,AB146_798492_806488,24,No
O=C(O)c1cnc2ccc(-c3cccc(CO)c3)cc2c1,AB211_1247328_1248556,7,No
Clc1cccc(-c2cncc(-n3cccn3)c2)c1,AB170_985500_989327,25,No
Cn1ncc2ccc(-c3cccc(-c4ncco4)c3)cc21,AB170_985450_991359,31,No
CC(=O)c1cncc(-c2cccc(N3CCCC3)c2)c1,AB170_985976_987003,25,No
CC(=O)c1ccc(-c2cccc(-n3cncn3)c2)cc1N,AB170_986185_987402,25,No
Cc1cc(-c2cccc(-n3ccnn3)c2)n(C)n1,AB170_985444_986811,25,No
Cc1cc(NC(=O)c2ccn(CCn3cccn3)n2)cnn1,AB12_7160_13967,4,No
Clc1cccc(C#CCn2ccnn2)c1,AB7_1720883_1723880,30,No
Cc1c(NC(=O)c2ccc(Br)cc2-n2cnnn2)nnn1-c1ccc(F)cc1,AB28_320795_331187,42,No
OCCCCc1cccc(-c2cccc(-n3cnnn3)c2)c1,AB170_985764_986764,1,No
Cc1ccc2ncc(C(=O)Nc3nc(C)nn3-c3ccccc3)cc2c1,AB14_34443_43914,27,Yes
Brc1cc(CNCc2ccc(-n3cccn3)cc2)ccn1,AB71_231247_238286,0,No
c1ccc(-c2ccc(-n3cccn3)cc2)cc1,AB170_985763_986244,7,Yes
c1cnc2ccc(CNc3ccc4nnnn4n3)cc2c1,AB42_774325_780050,7,No
CC(=Nn1cnnc1C)c1nnn(-c2ccc(C)cc2)c1C,AB1_1471686_1474393,8,No
c1ccc(-n2nnnc2-c2ccc3c(c2)CCCO3)cc1,AB170_985487_990804,7,No
Cc1ncn(Cc2cn(-c3ccccc3)nn2)c1C,AB47_1455087_1455817,7,No
COc1ccc(F)c(CNc2nncn2C)c1,AB72_239594_241345,48,No
Cc1nn(C)cc1-c1ccc2nonc2c1,AB170_985415_989599,31,No
Cn1nnc2ccc(-c3cnc(-c4cccnc4)nc3)cc21,AB170_985366_989011,31,No
CSC(C)CC(=O)NCc1ccc(-n2ccnn2)cc1,AB16_60104_61558,0,No
Cn1cc2cc(-c3ccc(-n4cnnn4)cc3)ccc2n1,AB170_985456_986347,15,No
CN(Cc1nnnn1C)C(=O)c1cc2ccccc2[nH]1,AB83_1593980_1597385,5,No
CCn1cc(CNC(=O)c2cccc(-c3nn[nH]n3)c2)nn1,AB242_1423953_1429711,5,No
Cc1cc(C)cc(NN=Cc2cnc3c(c2)c(C)nn3C)c1,AB3_1481394_1482620,23,No
Cn1cnc(-c2ccc3c(c2)C(=O)CC3)n1,AB170_986108_986234,17,No
CC(=O)c1cccc(-c2cccc(-n3cc(C)cn3)c2)c1,AB170_985769_989107,25,No
Cn1nnc2ccc(-c3cnc4nccnc4c3)cc21,AB170_985366_986454,31,No
Cn1ncc(C#N)c1-c1ccc2cnccc2c1,AB170_985432_990382,7,No
Cc1ccc(CN2CCn3cnnc3C2)c(C)c1,AB101_523558_530765,7,No
Cn1cc(-c2ccc(NCc3cccc4nccn34)nn2)cn1,AB163_916345_917533,14,No
Brc1cc(CNCc2cccn3ccnc23)ccn1,AB146_805400_808758,0,No
Cn1nnc2ccc(C(=O)Nc3cccc(I)c3)cc21,AB39_270051_283397_1806129,9,No
Cn1nnc2ccc(C(=O)NCCc3ccccc3I)cc21,AB97_1696332_1702000_1313493,5,No
Cn1cc(-c2ccc(NCc3ccccc3)cc2)cn1,AB146_803735_806245,13,No
Cc1ccc(NNC(=O)c2cnc3c(c2)c(C)nn3C)cc1C,AB25_261721_265200,11,No
Cn1nnc2ccc(-c3cccc(-n4ccnn4)c3)cc21,AB170_985366_986811,31,No
Cc1cc(Cl)c(C=NNc2ccc(-n3cccn3)nn2)cn1,AB1_1471261_1475975,35,No
COC(=O)c1cc(CNc2cccc(-n3cnnn3)c2)ccn1,AB146_798492_809329,24,No
Cc1nn(C)c2ncc(C=NNc3ccc4nccnc4c3)cc12,AB3_1481539_1482620,23,No
Cc1nc2c(cc1C(=O)OCc1cnnn1C)c(C)nn2C,AB228_1315735_1318901,10,No
Cc1cc(C(=O)NCc2cccc(Br)c2)c2c(C)nn(C)c2n1,AB30_358931_373492,5,No
CC(C)n1ccc(C(=O)NCc2nnnn2C)n1,AB83_1596784_1600982,5,No
c1ccc(-c2cn(CCNc3ccc4nnc(-c5ccccc5)n4n3)nn2)cc1,AB42_776763_780178,12,No
Cc1cnn(-c2cccc(-c3ccc(Cl)cc3)c2)c1,AB170_985769_988328,25,No
CC(=O)c1ncc(-c2cccc(-n3cncn3)c2)cc1C,AB170_986185_989212,25,No
CN(Cc1cn(-c2cccc(Br)c2)nn1)Cc1ccon1,AB147_812644_817417,7,No
Cc1cn(C)nc1CNC(C)c1cn(C)nn1,AB71_234387_237906,48,No
Cc1ccc(-c2cn(Cc3cccnc3)nn2)cc1Cl,AB231_1298342_1301630_1202948,19,No
Cc1cnnc(NC(=O)c2cc3ncccn3n2)c1,AB22_11277_17478_1120151,36,No
Cn1cc(NC(=S)Nc2ccc3c(c2)C(=O)OCC3)cn1,AB10_1745763_1750629,6,Yes
CC(Nc1ccc2c(c1)nnn2C)c1cccc(-n2ccnn2)c1,AB137_698981_702803,0,No
O=C(Cc1ccc(N2CCCC2=O)cc1)Nc1nnnn1-c1cccnc1,AB14_36435_38478,7,No
Cc1cc(NC(=O)c2ccc(C#N)cn2)cnn1,AB22_10992_15388_128382,3,No
Cc1ccc2cc(C(=O)Nc3cnnc(C)c3)ccc2c1,AB25_262120_275800,3,Yes
Cn1ccc(-c2ccc3cnn(C)c3c2)n1,AB170_985450_988578,31,No
Cc1c(CNc2cn(C)nn2)cnn1C,AB72_239599_241078,2,No
COc1ccc(O)c(C(=O)NCc2nnnn2C)c1,AB30_369646_373957,5,No
Cn1ccc(CNc2nnnn2-c2ccccc2)n1,AB42_773449_779904,48,No
Cc1cc(CNc2ccn(C)n2)nn1C,AB72_239022_241397,48,No
CCc1nnc(SCc2ccc(C(=O)OC)c3cccnc23)[nH]1,AB15_1807627_1812205_1527747,7,No
COc1ccc(CNc2ccc3nnc(C)n3n2)c2ccccc12,AB42_777309_780112,48,No
C#Cc1ccc(CC(=O)NCc2cnnc(C)c2C)cc1,AB44_375982_398442_1275056,13,No
Cn1cc(CNc2ccc(-c3ccnn3C)nn2)c(Br)n1,AB42_776189_781067,14,No
Cc1ccc(-n2c(C)cc(C=Nn3cnnc3C)c2C)cc1,AB1_1471686_1471987,8,No
Cc1ncc(NC(=O)c2cccc(Cl)c2Cl)cc1C#N,AB22_9880_11956_1010233,36,No
Cn1ncnc1NC(=O)Cc1cc(-c2ccco2)on1,AB12_4219_16678,32,No
CC(C)n1nnnc1-c1cccc(NC(=O)c2cn(C)nn2)c1,AB39_273835_284629_1032781,43,No
Cc1cc(CNCc2nncn2C)n(C)n1,AB71_231173_237668,48,No
CCn1cnnc1-c1cccc(NCc2nnn(C)n2)c1,AB146_798922_807620,48,No
Clc1cncc(CNCc2ccccc2)c1,AB160_812323_821042_1758538,13,No
c1ccc(-n2cc(NCc3ccc4scnc4c3)nn2)cc1,AB72_239909_241784,2,No
CN(Cc1cn(C)nn1)Cc1ncn(C)n1,AB101_525234_532134,22,No
OC1(c2c[nH]nn2)CCN(c2cc(-c3ccccc3)cnn2)C1,AB42_774539_781632,7,No
CCc1nncn1NCc1cc(C)n(C)n1,AB71_235710_237661,48,No
Cc1cc(CNCCCCC#N)cc(C)n1,AB85_249321_251142_411930,13,No
Cn1nc(-c2ccccc2)cc1CNCc1ccccc1,AB160_812323_821583_1491074,48,No
Cc1nc(NCc2cnnn2C)ccc1Br,AB42_774667_781557,48,No
Cn1nnnc1CNC(=O)c1cccnc1O,AB83_1596784_1598658,5,No
CCn1cc(S(=O)(=O)Nc2cn(CC)nn2)cn1,AB128_565955_567311,22,No
Cc1noc2ncc(C=NNc3nc(Br)nn3C)cc12,AB3_1481561_1484525,23,No
Cc1nn(C)c2nc(N(C)Cc3nnnn3C)ccc12,AB42_777233_781767,5,No
Cn1ncc2ccc(NCc3cn(-c4ccccc4)nn3)cc21,AB146_804308_806694,7,No
Cn1nnc2ccc(-c3csc(-c4ccccn4)n3)cc21,AB170_985366_989486,31,No
Cc1cnnc(NC(=O)c2cc(-n3cccc3)ccn2)c1,AB22_11277_17569_594334,36,No
CCNCc1cncc(-c2cccc(-n3cnnn3)c2)c1,AB170_985764_989506,1,No
O=C(NCc1nnnn1-c1cccc(Br)c1)c1cc[nH]n1,AB30_369238_374370,33,No
Cn1ncc(N)c1-c1ccc2cnccc2c1,AB170_985432_987441,7,No
O=C(Nc1cccc(-n2cnnn2)c1)c1ncc(Cl)cc1Cl,AB12_1837_15399,24,No
Brc1cncc(CNc2cccc(I)c2)c1,AB146_798811_807376,0,No
Fc1ccc(-c2cc(Cn3ccnn3)no2)cc1,AB48_1457958_1461577,30,No
Cc1cnn(C)c1-c1cccc(-n2cnnn2)c1,AB170_985764_987656,1,No
Cn1cc(C(=O)Nn2ccnn2)c(-c2cccnc2)n1,AB25_260435_266841,30,No
COc1ccc(CNc2nccc(-c3ccccc3)n2)c2ccccc12,AB42_777309_782194,7,No
Cc1ccc(CNc2nnnn2Cc2ccccc2)cc1C#N,AB42_776275_781127,38,Yes
CCn1cc(CNc2cnn(C)c(=O)c2Br)nn1,AB42_775449_780333,22,No
Cc1cc(F)ccc1C(=O)Nc1ccc(-n2cnnn2)cc1,AB13_18274_27196,42,Yes
CCn1cc(CNCc2c(C#N)cnn2C)nn1,AB160_815990_821816_1612541,22,No
Cc1cc(Br)cc(CNCc2nnnn2-c2cccc(Br)c2)c1,AB71_236007_237460,33,No
CCn1cc(-c2ccc3ncn(C)c3c2)cn1,AB170_985397_989190,31,No
CC(=NNc1cccnn1)c1cccc(-n2ccnc2)c1,AB11_1570701_1574445_810441,35,No
C#Cc1ccc(C(=O)Nc2cc(C)cnn2)nc1,AB22_11277_15236_716892,47,Yes
Cn1cnc2cc(C=NNc3ccc(Br)cc3)ccc21,AB3_1481390_1483360,35,No
Cc1cnc(NCc2cnccc2C)c(C)n1,AB45_793434_798466,13,No
CN(Cc1cn(C)nn1)c1cc(-c2ccccc2)cnn1,AB42_775491_781632,7,No
Cc1cc(C(=O)NCc2ccc3c(ccn3C)c2)ccc1-n1cnnn1,AB30_370040_374182,5,No
Cc1nn(C)c2ncc(-c3cccc(-n4cncn4)c3)cc12,AB170_986185_986959,25,No
Cc1c(C(=O)NCc2nnnn2-c2cccc(Br)c2)cnn1-c1ccccc1Cl,AB30_369238_376393,33,No
Cn1nnc(CNc2ccc3c(c2)n(C)c(=O)n3C)n1,AB146_800744_807620,48,No
Cc1ccc2ncc(Cn3nc(CO)c(-c4ccccc4)n3)cc2c1,AB47_1455076_1456655,7,No
Clc1cncc(CNCc2cccc(-n3ccnn3)c2)c1,AB146_805653_808028,0,No
Cn1cc(C(=O)Nc2cccc(NC=O)c2)nn1,AB39_274209_284629_997615,43,No
O=C(c1cnc2ncccn12)N1CCn2cnnc2C1,AB19_73924_84402,7,No
Cc1cc(Br)cn2c(C=Nn3cnnc3C)cnc12,AB1_1471686_1473836,8,No
Cc1cnn(-c2cccc(-c3ccc(CO)cn3)c2)c1,AB170_985769_991929,25,No
O=C(Nc1ccc(-n2cnnn2)cc1)c1cncc(Br)c1,AB83_1584817_1597673,42,No
Cc1cc(NC(=O)c2ccc3ccn(C)c3c2)cnn1,AB22_10992_18630_1005440,3,No
Cc1nncn1N=Cc1cc(-n2cccn2)ccc1O,AB1_1471686_1476013,8,No
CCc1nncn1N=Cc1cnc2cnccn12,AB1_1471692_1473245,8,No
CCCn1cc(C(=O)NNc2nc(C)cc(C)n2)nn1,AB83_1584675_1602348,22,No
CCn1cc(NCc2cc(C)cc(Cl)c2)nn1,AB72_239925_241350,2,No
FCCn1cc(-c2ccc3nccn3c2)cn1,AB170_985849_987377,13,No
CCc1nnc(SCc2nc(C)cc(O)n2)[nH]1,AB15_1807627_1810907_194493,7,No
Cc1cc(NC(=O)c2ccn(CCCN)n2)cnn1,AB131_597580_608108,4,No
Oc1nnc(SCc2cccc(-n3cccn3)c2)[nH]1,AB15_1807751_1813340_726453,7,No
Cn1cc(CCNC(=O)c2nccc3ncccc23)nn1,AB30_363775_383818,5,No
Brc1cc(CNCc2ccc(-n3ccnn3)cc2)ccn1,AB71_235423_238286,0,No
CCS(=O)(=O)CCCNc1ccc2nncn2n1,AB42_775116_780045,48,No
Cc1cc(Cl)cc(C(=O)NCc2nnnn2-c2cccc(Br)c2)c1C,AB30_369238_387911,33,No
COc1ccc2cc(-c3cccc(-n4nnnc4CN)c3)ccc2c1,AB170_985461_989315,49,No
Brc1cncc(CNCc2nnnn2-c2cccc3ccccc23)c1,AB71_235641_237404,37,No
Cn1nncc1C(=O)NCCCn1ccnn1,AB13_21426_28263,30,No
O=C(NCCc1nnnn1-c1ccccc1)c1ccccc1-n1cccn1,AB84_1609695_1613980,26,No
NC(=O)c1nnc(NCc2ccc(-c3ccccc3)cn2)s1,AB163_916612_918568,7,No
Cc1cc(F)cnc1-c1cccc(-n2cnnn2)c1,AB170_985764_991996,1,No
Cc1ccn(-c2ccc(CNc3nnnn3-c3ccccc3)cn2)n1,AB42_776985_779904,7,No
Cc1cc(CO)nc(NN=Cc2cn3ccccc3n2)n1,AB3_1481541_1482508,35,No
Cc1cc(Cl)cc(CNc2cn(-c3ccccc3)nn2)c1,AB72_239909_241350,2,No
Cn1nnnc1-c1cccc(NCc2cn(-c3ccc(F)cc3)nn2)c1,AB146_798835_808053,32,No
Cc1cc(NN=Cc2cn(-c3ccc(Cl)c(Cl)c3)nn2)nnc1C,AB3_1481503_1483521,35,No
CCN(CCCO)Cc1ccc(-n2cncn2)cc1,AB161_824595_829597_894157,7,No
Cn1cc(-c2ccc(NCc3ccc(F)c(F)c3)nn2)cn1,AB42_771244_780402,14,No
Cn1cc(-c2nc(Cn3cc(I)cn3)cs2)cn1,AB48_1458141_1460320,44,Yes
O=C(NNc1ccc2cn[nH]c2n1)c1cn(C2CC2)nn1,AB40_294622_305038_1705675,43,No
Clc1ccc(-n2cc(C=NNc3nnc(-c4ccccc4)s3)nn2)cc1Cl,AB3_1481449_1483521,35,No
Cc1cc(CNC(=O)c2cn(-c3ccccc3)nn2)ncn1,AB30_361406_374230,5,No
Cc1ccc(-c2cn3ccccc3n2)cc1C,AB170_985824_989217,7,No
c1ccc(-c2nnc3ccc(NCCCn4cccn4)nn23)nc1,AB42_770452_781333,12,No
Cc1cc(NC(=O)Cn2nnnc2C)cnc1C,AB25_261046_275777,13,No
CCCn1nnnc1CSCc1ccon1,AB69_1700974_1703937,7,No
CCn1ncnc1C(=O)Nc1cccc(-n2cnnn2)c1,AB25_257322_275913,24,No
Cc1nn(C)cc1CNCc1nncn1C,AB71_231173_237307,48,No
COc1ccc(-c2cccc(-n3cc(C)cn3)c2)cc1C,AB170_985769_991922,25,No
Cc1cc(NC(=O)c2cn(-c3cccc(Br)c3)nn2)cnn1,AB22_10992_14084_149655,4,No
CN(C)c1ccc2cc(NC(=O)c3cn(C4CC4)nn3)ccc2n1,AB39_271232_286063_959834,43,No
Clc1ccc(-c2cccc(-n3cncn3)c2)cc1,AB170_986185_988328,25,No
Cn1nncc1CNC(=O)c1cc(N)ccn1,AB131_599555_608089,5,No
CCn1nncc1C(=O)NCc1ccc2cc(OC)ccc2c1,AB83_1584632_1603758,5,No
CCc1nncn1N=Cc1cn(-c2ccc(Br)cc2)nc1C,AB1_1471692_1473685,8,No
Cc1cc(CNc2ccc(-n3ccnn3)cc2)cnc1Cl,AB146_799027_806873,0,No
c1ccc(-c2nnc(-c3ccon3)s2)nc1,AB170_985666_988191,7,No
Cc1cc(NC(=O)C(=O)c2cnn(-c3ccccc3)c2)cnn1,AB12_7160_11695,4,No
CCc1nncn1N=Cc1ccn(C)c1,AB1_1471692_1473302,8,No
Cc1cc(CNCc2ccn(C)n2)n(C)n1,AB71_232975_237668,48,No
CCn1cc(CNC(=O)c2cn(-c3ccccc3)nn2)nn1,AB44_377130_387244_329557,5,No
CCCCN(C)NC(=O)Cn1nnnc1C,AB97_1692676_1705676_36,34,Yes
CCn1nncc1C(=O)NCCn1ccnn1,AB30_363983_380170,30,No
c1ccc(Cn2cc(-c3cncc4ccccc34)nn2)nc1,AB217_1285409_1288295,19,No
O=c1[nH]c(CNCc2cn(-c3ccccc3)nn2)nc2ccccc12,AB146_803917_806694,7,No
Brc1cc(CNCCCc2cnn(-c3ccccc3)c2)ccn1,AB146_804946_808758,0,No
Cc1cc(CSc2nnc(O)[nH]2)ccc1Cl,AB15_1807751_1812266_868423,7,No
Cc1cnc(-c2cccc(-n3cncn3)c2)cc1C,AB170_986185_989252,18,No
Cc1cc(OCc2cn(-c3ccc(Cl)c(Cl)c3)nn2)ccc1Br,AB47_1454871_1456335,7,No
CCc1nncn1N=Cc1cc(Br)ccc1C,AB1_1471692_1475643,8,No
OCc1cn(CCNc2ccn3ccnc3n2)nn1,AB42_779771_781908,22,No
c1cc(CSc2nnc(CCC3CCCC3)[nH]2)cc(-n2cccn2)c1,AB15_1807638_1813340_204465,7,No
Cc1cc(COC(=O)c2cn(-c3ccccc3)nn2)ncn1,AB19_74342_78549,7,No
Cc1cnn(-c2cccc(-c3cncc(Cl)c3)c2)c1,AB170_985769_987533,25,No
CC(NCc1ccon1)c1nnnn1C,AB100_517027_520958,48,No
Cn1cc(CCNc2ccc3nccn3n2)nn1,AB42_775212_781712,22,No
Cc1ccc(NCc2cnc3c(c2)c(C)nn3C)cn1,AB137_698029_703044,13,No
Cc1cc(NC(=O)c2cc(-n3cccn3)ccn2)cnn1,AB22_10992_15622_1254248,4,No
Cn1cc(C(=O)Nc2cnc(-c3ccc(Cl)s3)nc2)nn1,AB39_273633_284629_1232454,43,No
Cn1ccc(-c2cnn(-c3ccncc3)c2)n1,AB170_985611_988578,7,No
Fc1ccc(CNc2cn(-c3ccccc3)nn2)cc1Cl,AB72_239909_241084,2,No
Cc1nc2cc(-c3cnn(-c4ccncc4)c3)cnc2n1C,AB170_985611_986960,25,No
Cn1cc(C(=O)Nc2cccc(-c3nncn3C)c2)nn1,AB39_270633_284629_904930,29,Yes
O=C(CCCn1cccn1)Nc1ccnnc1,AB25_261899_267156,13,No
Cc1cc(NC(=O)c2ccc3ncncc3c2)cnn1,AB25_262120_279610,3,No
Cc1cc(NN=Cc2cnc3onc(C)c3c2)ccc1Br,AB3_1481403_1484525,23,No
Cc1cc(NC(=O)CC(C)n2cccn2)cnn1,AB25_262120_272336,4,No
Cc1nc(CNc2ccc(-n3cccn3)cc2)cs1,AB72_238815_240550,7,No
Cc1cnn(-c2cccc(-c3cc(O)c(F)cn3)c2)c1,AB170_985769_988386,25,No
CCc1ccc(C(=O)Nc2cc(C)cnn2)nc1,AB22_11277_20350_1120151,36,No
Cc1ccc2ncc(C(=O)NCc3nnnn3C)c(O)c2c1,AB83_1596784_1603135,5,No
Cn1cc(CNCCCCC#N)cc1C#N,AB85_249321_250442_1793619,13,No
Brc1cccc(NCc2ccnc(Br)c2)c1,AB146_798528_808758,0,No
CC(=NNc1cc(C)ncn1)c1nc2cc(Cl)ccc2n1C,AB3_1481414_1483024,35,No
Cn1cc(CCNC(=O)c2cn(-c3ccccc3)nn2)nn1,AB44_376789_387244_301317,5,No
Cc1ccc(NCc2ccc(-c3ccncc3)cc2)cc1-n1cnnn1,AB146_798888_809007,24,No
Cc1c(C(=O)OCc2ccc(Cl)c(Br)c2)nnn1-c1cccc(Br)c1,AB92_109118_120714,33,No
O=C(Cc1ccon1)NCc1cn(-c2ccccc2)nn1,AB30_360792_376673,7,No
COC(=O)c1cc(CNc2cccc(-c3nnnn3C)c2)ccn1,AB146_798835_809329,32,No
Cc1cn(C)nc1CN(C)Cc1cn(C)nn1,AB101_525234_531150,22,No
c1ccc(CCCCNc2ccc3nnnn3n2)cc1,AB56_792494_793064_1098818,7,No
Cc1nn2c(CNCc3cn(C)nn3)c(C)nc2s1,AB137_699012_703841,22,No
COc1cccc(-c2nc(C=Nn3cnnc3C)cs2)c1,AB1_1471686_1472301,8,No
Cc1ccn2c(C(=O)Nn3cnnc3C)cnc2c1,AB25_262276_277559,36,No
CC(=Nn1cnnc1C)c1cnn(C)c1,AB1_1471686_1472777,8,No
Cn1nnc2ccc(C(=O)NCC(C)(C)C)cc21,AB97_1685698_1702000_973838,5,No
OCc1cccc(NCc2cn3ccnc3s2)n1,AB163_916255_918070,7,No
c1ccc2cc(NCc3ccc(-n4ccnn4)cc3)ncc2c1,AB42_778169_781817,0,No
Cc1c(NCc2ccc3c(c2)CCO3)nnn1-c1ccc(F)cc1,AB72_239869_240705,7,No
CCc1cccc(C)c1NC(=O)Cn1cc(-c2ccc3cccnc3c2)nn1,AB231_1297164_1301689_240405,19,No
Cn1cnc(-c2ccc(-c3ccccc3)nc2)n1,AB170_985961_986234,17,No
CCn1cc(C(C)=Nn2cnnc2C)cn1,AB1_1471686_1472786,8,No
Cc1ccc(NC(=O)c2cnc3c(c2)c(C)nn3C)cc1,AB25_256972_265200,11,No
c1ccc2cc(-c3cncc(-n4cccn4)c3)ccc2c1,AB170_985480_987371,25,No
NCc1ccc(C(=O)Nc2cccc(-n3cnnn3)c2)cc1,AB131_587799_607815,41,Yes
Cc1cc(NC(=O)c2cn(-c3ccccc3)nn2)cnn1,AB25_262120_265942,4,Yes
Cc1cc(CNCc2cnnn2C)c(C)cc1I,AB71_233558_237976,48,No
CCc1nnc(SCc2cc(C)cc(C)c2)[nH]1,AB15_1807627_1810572_1538784,7,No
Clc1ccc(-c2cc(CNc3ccc4nncn4n3)on2)cc1,AB42_777457_780045,48,No
O=C(Nc1cccnn1)c1cc(-n2cccc2)ccn1,AB22_7588_17569_594334,36,No
CCc1nnc(SCc2c(CC)ccc3ccccc23)[nH]1,AB15_1807627_1812161_992515,7,No
Cc1cc(CN(C)Cc2cn(-c3cccc(Br)c3)nn2)on1,AB101_524740_527969,7,No
Cc1ccc(-c2cccc(-n3cncn3)c2)cc1Cl,AB170_986185_992036,25,No
Cn1cc(CCNCc2cncc3ccccc23)nn1,AB146_802809_806961,22,No
c1ccc(CSCCNc2cccc(-n3cnnn3)c2)cc1,AB146_798492_807390,24,No
Cc1cc(CNc2cccc(-c3ncn(C)n3)c2)nn1C,AB72_239743_241397,17,No
CC(NCc1cc2cnccc2o1)c1cc2ccccc2o1,AB163_836025_839383_1451722,7,No
Cn1cc(CCNCc2cn(C)nc2-c2ccnn2C)nn1,AB160_815823_821690_475107,22,No
Cn1nnc2cc(C(=O)Nc3cccc(NC=O)c3)ccc21,AB39_274209_280810_80993,9,No
Cn1cc(NC(=S)NCc2nnnn2CC2CC2)cn1,AB10_1742007_1750629,13,No
N#Cc1ccc(NN=Cc2cncc(Br)c2)nc1,AB3_1481489_1483559,23,No
O=C(c1ccccc1)c1cccc(-c2cccc(-n3cnnn3)c2)n1,AB170_985764_989897,1,No
Cc1nc(-c2cccc(NCc3cc4ccccc4[nH]3)c2)oc1C,AB146_798953_807520,7,No
Cc1cc(C=NNc2ccc(C(N)=O)nn2)nn1C,AB1_1471419_1474630,35,No
Cn1nc(C2CC2)cc1-c1ccc(-n2cccn2)cc1,AB170_985913_986425,7,No
COC(=O)Cn1cc(Cn2cc(I)cn2)nn1,AB48_1458141_1461042,44,No
O=C(Nc1nc(-c2ccc(C3CCCCC3)cc2)cs1)c1cn(C2CC2)nn1,AB42_333122_344296_142130,43,No
O=C(Nc1ccc(-n2cnnn2)cc1)c1cncc2c(Cl)cccc12,AB83_1584817_1606315,42,No
COc1ccc(CC(=O)Nc2cnc(C)nc2)cn1,AB22_7259_21627_1680054,13,No
CC(C)(CO)CCCNc1ccc2nncn2n1,AB42_772514_780045,48,No
Brc1cn(CCNc2ccc3nnc(C4CC4)n3n2)nn1,AB42_778787_780262,12,Yes
Cn1ncc2ccc(-c3ncn(CCO)n3)cc21,AB170_985450_987985,31,No
Cc1ccc(CNCc2ccc(-n3ccnn3)cc2)cc1Br,AB71_235423_237336,0,No
Cn1cc(NCc2ccc(Cl)c(Br)c2)cn1,AB72_238962_241133,13,No
CCn1cc(NC(=O)c2cn(Cc3ccccn3)nn2)nn1,AB25_261524_268738,19,No
OCCn1cnc(-c2ccc3c(c2)CCO3)n1,AB170_985287_987985,31,No
CCn1cc(C=Nn2cnnc2C)cn1,AB1_1471686_1473022,8,No
Cc1cc(CNCc2cn(C)nn2)nn1C,AB71_233908_237661,22,No
CCn1ncnc1-c1ccc2nn(C)cc2c1,AB170_985456_987274,15,No
Cc1cc(CNCCCN(C)C)cc(C)n1,AB85_243867_251142_456972,13,No
Cn1nc(CNCc2ccccc2)c2ccccc21,AB160_812323_819734_1643413,48,No
Brc1cnn(CCCCNc2ccc3nccn3n2)c1,AB42_774305_781712,12,No
C=Cn1nncc1C(=O)NCc1cccnn1,AB27_300351_317705,5,No
O=C(NCCc1nnnn1-c1ccccc1)NCc1ncnn1-c1ccccc1,AB80_1554715_1562167,26,Yes
Fc1cccc(CNc2cccc(-n3cnnn3)c2)c1,AB146_798492_806277,24,No
CCCn1cc(CNc2ccc3nccn3n2)nn1,AB42_775990_781712,22,No
Cc1cc(NC(=O)c2ccc3cc(Br)ccc3n2)cnn1,AB22_10992_21393_751450,3,No
CCn1cnc(-c2ccc3cccnc3c2)n1,AB170_985875_988519,19,No
Cc1ccc(C(N)=O)cc1-c1ccc2nnn(C)c2c1,AB170_985366_989568,31,No
Cc1ccc(NCc2c(Br)nnn2C)nc1C#N,AB42_776559_780711,48,No
Cc1c(-c2ccc(-n3cccn3)cc2)cnn1C,AB170_985763_988645,7,No
Cn1cc(-c2csc(CNc3ccn(C)n3)n2)cn1,AB72_239022_241195,13,No
c1cc2cc(-c3ccc4nonc4c3)ccc2o1,AB170_985415_991944,31,No
Cc1nncn1N=Cc1csc(-c2ccn(C)n2)n1,AB1_1471686_1475146,8,No
Brc1cncc(CNCc2ccc3ccccc3c2)c1,AB146_800360_807376,13,No
Cc1nncn1N=Cc1cnc2ccccn12,AB1_1471686_1473589,8,No
Cc1cc(NC(=O)c2cc(-n3cccn3)ccn2)ncc1Cl,AB22_11391_15622_156497,36,No
Cc1cc(NC(=O)CCCc2ccccn2)ncn1,AB22_7723_15268_156497,36,No
CCc1nncn1N=Cc1cnc(-c2ccncc2)s1,AB1_1471692_1473342,8,No
Cn1cc(C(=O)Nc2cnn(-c3cccnc3)n2)nn1,AB39_275363_284629_1032781,43,No
CC(=NNc1ccc(-n2cccn2)nn1)c1ccc(C)nc1C,AB1_1471261_1474398,35,No
Cc1cc(NC(=O)c2cc(Oc3ccccc3)ccn2)cnn1,AB22_10992_15970_1143449,4,No
Cn1nnc(-c2ccc(NCc3cncc4ccccc34)cc2)n1,AB72_240227_241052,7,No
Cc1cnnc(NC(=O)c2cc(Br)ccc2-n2cnnn2)c1,AB22_11277_18348_149655,36,No
CCCn1cc(C(=O)NNc2cc(C)ccn2)nn1,AB83_1588788_1602348,36,No
Cc1ccc2ncc(C(=O)Nc3nnnn3Cc3ccccc3)cc2c1,AB14_36774_43914,27,No
Brc1cccc(CNc2cncc(Br)c2)c1,AB42_771492_780298,0,No
Cc1cc(CSc2nnc(O)[nH]2)cc(Cl)n1,AB15_1807751_1811796_868423,7,No
Cc1csc(CNc2cn(C(C)C)nn2)n1,AB72_239924_240913,40,No
Cc1nncn1N=Cc1cccc2ccncc12,AB1_1471686_1475437,8,No
Cn1nncc1C(=O)NCCCn1cc(Br)cn1,AB13_20280_28263,5,No
Cc1cc(CNn2cnnc2C)n(C)n1,AB71_235628_237668,48,No
Cc1cc(CCC(=O)Nc2nncn2C)nn1C,AB25_259757_274928,48,No
CCc1cccc(C(=O)Nc2cc(C)cnn2)c1,AB22_11277_21760_716892,45,No
CC(=O)c1ccc(-c2cn(Cc3cccnc3)nn2)cn1,AB231_1298342_1301557_1410363,19,No
CCCn1cc(CNc2cncc(C)c2)nn1,AB146_801237_808137,22,No
Cc1ccc(NN=Cc2cc(C)nn2C)nn1,AB1_1471343_1474655,35,No
CS(=O)(=O)Nc1cccc(-c2cccc(-n3cccn3)c2)c1,AB170_985762_986434,25,No
COc1ccc(C(C)=Nn2cnnc2C)cc1Cn1cccn1,AB1_1471686_1473305,8,No
Cc1ccnc(NC(=O)c2cc3ncccn3n2)c1,AB22_5741_17478_1719614,36,No
Cc1c(C=NNc2ccc(-n3ccnc3)nn2)cnn1C,AB1_1471488_1473626,35,No
Cn1ccc(-c2ccc3nccnc3c2)n1,AB170_985463_988578,31,No
Clc1cccc2c(-c3cccc(-n4cnnn4)c3)csc12,AB170_985764_990544,1,No
COc1ccc(C(=O)NCCCn2cc(C)cn2)cc1-n1cnnn1,AB30_359026_378560,5,No
CCn1cc(CNCc2cc(C)nn2C)nn1,AB160_815990_820852_960258,22,No
Cc1nn(C)c2ncc(C(=O)NCc3cn(C)nn3)cc12,AB30_363890_373482,11,Yes
Cn1cnc(-c2ccc3cnccc3c2)n1,AB170_985432_986234,17,No
COC(=O)c1ccc(NCc2cn(-c3ccccc3C)nn2)c2ccccc12,AB163_916486_917753,7,No
CC(C)n1ccc(-c2ccc3nnn(C)c3c2)n1,AB170_985366_987267,31,No
Clc1ccc(-c2cccc(-n3cccn3)c2)cc1,AB170_985762_988328,25,No
Cc1cnn(-c2cccc(-c3c(C)cnn3C)c2)c1,AB170_985769_987656,25,No
CC(=NNc1ccc(-n2cccn2)nn1)c1cn(C)nc1C,AB1_1471261_1472683,35,No
Cc1nnnn1-c1ccc(-c2cnn(-c3ccncc3)c2)cc1,AB170_985611_986379,7,No
Cn1cc(-c2cccc(NC(=S)Nc3ccsc3)c2)nn1,AB10_1744452_1750612,43,No
Cc1cnn(C)c1-c1cccc(-n2cncn2)c1,AB170_986185_987656,25,No
Cc1c(CNCc2cn(-c3ccccc3Cl)nn2)cnn1C,AB71_232023_237302,22,No
c1ccn2cc(-c3ccc(-n4cnnn4)cc3)nc2c1,AB170_985824_986347,1,No
Cn1cnc(-c2ccc3cnn(C)c3c2)n1,AB170_985450_986234,17,No
CN(C)C(=O)c1cccc(Cn2ccnn2)c1,AB7_1720883_1722899,30,No
COc1ccc(CNc2nnnn2Cc2ccccc2)cc1Cl,AB42_776160_781127,38,No
O=C(NC1CC1)c1ccc2ncccc2n1,AB98_1708158_1720618_565979,7,No
c1ccc(-c2cccc(-c3ccc4cnccc4c3)n2)nc1,AB170_985432_991509,7,No
c1ccc(-c2ccnc(-c3ccc4c(c3)CCC4)c2)cc1,AB170_985306_986466,7,No
Cc1cc(C(=O)OCC(=O)c2cn(C)nn2)ncn1,AB92_112123_120790,43,No
Brc1cccc(CNCc2ccnc(Br)c2)c1,AB71_231859_238286,0,No
Cc1nncn1N=Cc1ccc(Cl)cc1O,AB1_1471686_1475315,8,No
c1ccc2cc(-c3cnc(-n4ccnc4)nc3)ccc2c1,AB170_985480_987408,15,No
Cc1noc2ncc(NC(=O)c3ccnc(-n4cccc4)c3)cc12,AB22_7694_18652_85949,36,No
c1ccc(-c2ccc(SCc3nnnn3-c3ccccc3)cc2)cc1,AB5_1708348_1710080,7,No
Cn1cc(CNC(=O)c2cccc3c2ncn3C)nn1,AB83_1591825_1606563,5,No
Cn1cnc(-c2ccc(NCc3cncc(Cl)c3)cc2)n1,AB71_233150_237792,17,No
c1cnc2cc(-c3ccsc3)ccc2n1,AB170_985463_986284,46,No
O=C(NCCn1ccnn1)c1ccc2ccccc2c1,AB30_363983_371060,30,No
Cc1nc(Cl)ccc1CNCc1cccc(-n2ccnn2)c1,AB71_236074_238287,0,No
Clc1cccc(CNc2cccc(-n3cnnn3)c2)c1,AB146_798492_806270,24,Yes
Cn1nnc2ccc(-c3ncn(CCO)n3)cc21,AB170_985366_987985,31,No
CC(=O)Nc1cccc(-c2ccc(C(C)O)cc2)c1,AB170_985592_986437,43,No
OCCNN=Cc1cnc2[nH]cc(Br)c2c1,AB3_1481448_1485810,23,No
Cc1nc2c(cc1C(=O)NCc1cnnn1C)c(C)nn2C,AB30_363011_374161,10,Yes
COc1cccc(-n2ccc(C(=O)Nc3cnnc(C)c3)n2)c1,AB25_262120_274289,4,No
Cn1cc2cc(-c3cnc(-n4ccnc4)nc3)ccc2n1,AB170_985456_987408,15,No
O=C(Nc1ccc(-n2cncn2)cc1)c1ccc(Cl)cc1,AB12_2219_8038,42,No
CN(Cc1cccc(-n2cccn2)c1)Cc1nncn1C,AB101_524874_532253,7,No
COC(=O)Cc1cc(Cl)cc(-c2ccc3nccn3c2)c1,AB170_985849_989195,13,No
CCc1nncn1N=Cc1cccc(-c2ccccn2)c1,AB1_1471692_1473525,8,No
CN(Cc1cc(=O)n2cc(Br)ccc2n1)Cc1nncn1C,AB101_524874_529212,48,No
COc1cncc(-c2ccc3cnccc3c2)c1,AB170_985432_986442,7,No
CC(Nc1ccc(NCCn2cc(CO)nn2)nn1)c1ccccc1,AB42_779771_780934,22,No
Clc1ccc(CNCc2ccc(-n3cccn3)cc2)cc1,AB146_799643_806253,0,No
Cc1cc(-c2ccc3c(c2)CCO3)cc2ccoc12,AB170_985287_991122,7,No
Cn1ncc2ccc(-c3cccc(-n4ccnn4)c3)cc21,AB170_985450_986811,25,No
Cc1nncn1N=Cc1cn(-c2ccccc2)nc1-c1ccncc1,AB1_1471686_1472433,8,No
OCc1cc(-c2cccc(-c3ccc(Cl)cc3)c2)no1,AB170_985586_988870,7,No
Cn1cnc2cc(CNc3cccc(Cl)c3)ccc21,AB146_798694_807090,0,No
Cc1nn(-c2ccc(Br)cc2)cc1C=Nn1cnnc1C,AB1_1471686_1473685,8,No
Cc1nn(-c2ccccc2)cc1CNCc1ccc2ccccc2c1Br,AB146_801673_809347,7,No
Cn1cc(C=CC(=O)Nc2nncn2C)cn1,AB25_259757_264424,13,No
O=CNc1cccc(NC(=O)c2ccc(-n3ccnn3)cc2)c1,AB39_274209_282775_1577606,9,No
Cc1cc(NC(=O)c2cn(CC3CC3)nn2)cnn1,AB25_262120_272060,4,No
Cc1cccc(CNCCc2cn(C)nn2)n1,AB146_802809_808540,22,No
Cc1cc(CCC(=O)Nc2cccc(-n3nnnc3C)c2)on1,AB25_257704_274287,9,No
Cc1nc(CNc2nncn2-c2ccccc2)cs1,AB72_240034_240550,48,No
Clc1cnn(CCn2cc(-c3ccc4cccnc4c3)nn2)c1,AB231_1298855_1301689_609734,19,Yes
Cc1cc(NC(=O)CCc2c(Cl)cccc2Cl)cnn1,AB22_10992_18179_1193841,4,No
CCn1cc(CNCc2cc(C)n(C)n2)cn1,AB160_815348_820838_275045,48,No
Cc1cc(CCC(=O)NCc2cnnn2C)nn1C,AB13_20281_30364,48,No
Cc1nc2ccc(-c3ccn(C)n3)cc2c(=O)n1C,AB170_985958_988578,31,No
CC(=O)c1cc(-c2cccc(-n3cncn3)c2)ccn1,AB170_986185_987591,25,No
c1ccc(-c2ccc(-c3cccc(-n4cnnn4)c3)cc2)cc1,AB170_985668_986375,1,Yes
COc1ccnc(-c2cccc(-n3cnnn3)c2)c1,AB170_985764_986207,1,No
CCn1cc(-c2cnc(-c3ncccn3)nc2)c(C)n1,AB170_985805_988604,7,No
CCc1nnc(SCc2cc(Cl)c(C)c(Br)c2)[nH]1,AB15_1807627_1812778_1112561,7,No
Cc1nc(CCC(=O)Nc2nncn2C)[nH]c1C,AB83_1589886_1606002,48,No
Cc1cnn(-c2cccc(-c3cnc4c(c3)nc(C)n4C)c2)c1,AB170_985769_986960,25,No
Clc1cncc(-c2cccc(-n3cncn3)c2)c1,AB170_986185_987533,25,No
Cc1nncn1N=Cc1cnc(-c2ccncc2)s1,AB1_1471686_1473342,8,No
c1ccc(CNc2ccn(-c3ccccc3)n2)cc1,AB76_254642_254753,7,No
c1ccc(-c2ccc(SCc3cn(-c4ccccc4)nn3)cc2)cc1,AB5_1708348_1711195,7,No
CC(C)n1cnc(-c2cccc3c(C#N)cccc23)n1,AB170_986102_990366,7,No
C#Cc1ccc(CC(=O)Nc2ccnnc2)cc1,AB22_9283_20591_1005440,13,No
Cn1nnc2ccc(C(=O)NCCCC(N)=O)cc21,AB97_1684806_1702000_604639,5,No
